language	iso_code	gloss	global_id	local_id	transcription	cognate_class	tokens	notes
Tasha_Tujia		I	1209	1209	ŋa²⁴	59	ŋ a ²⁴	
Duogu_Tujia		I	1209	1209	ŋa²⁴	59	ŋ a ²⁴	
Dianfang_Tujia		I	1209	1209	ŋa³⁵	59	ŋ a ³⁵	
Boluo_Tujia		I	1209	1209	ŋo³³	59	ŋ o ³³	
Tanxi_Tujia		I	1209	1209	ŋo³³	59	ŋ o ³³	
Tasha_Tujia		all	98	98	xu²⁴+ni⁵⁵	1	x u ²⁴ n i ⁵⁵	
Duogu_Tujia		all	98	98	xu²⁴+ni⁴⁴	1	x u ²⁴ n i ⁴⁴	
Dianfang_Tujia		all	98	98	xu³⁵+ni⁵⁵	1	x u ³⁵ n i ⁵⁵	
Boluo_Tujia		all	98	98	bu¹³+li⁵³	2	b u ¹³ l i ⁵³	
Tanxi_Tujia		all	98	98	bu¹³	2	b u ¹³	
Tasha_Tujia		ashes	646	646	pu²¹+ʨʰi²⁴	3	p u ²¹ tɕʰ i ²⁴	
Duogu_Tujia		ashes	646	646	pu²¹+ʦʰi⁵³	3	p u ²¹ tsʰ i ⁵³	
Dianfang_Tujia		ashes	646	646	pu²¹+ʦʰi³⁵	3	p u ²¹ tsʰ i ³⁵	
Boluo_Tujia		ashes	646	646	mu²¹+ʦʰi⁵³	3	m u ²¹ tsʰ i ⁵³	
Tanxi_Tujia		ashes	646	646	mu¹³+ʦʰi⁵⁵	3	m u ¹³ tsʰ i ⁵⁵	
Tasha_Tujia		belly	1251	1251	mɤ²¹+ʦʰi²¹+kʰɤ⁵⁵	5	m ɤ ²¹ tsʰ i ²¹ kʰ ɤ ⁵⁵	
Duogu_Tujia		belly	1251	1251	mɨe²¹	5	m ɨ e ²¹	
Dianfang_Tujia		belly	1251	1251	mɨe²¹	5	m ɨ e ²¹	
Boluo_Tujia		belly	1251	1251	mɨe²¹+ʨi⁵³	5	m ɨ e ²¹ tɕ i ⁵³	
Tanxi_Tujia		belly	1251	1251	mɨe¹³+ʨi⁵⁵	5	m ɨ e ¹³ tɕ i ⁵⁵	
Tasha_Tujia		big	1202	1202	ʦʰi²¹	6	tsʰ i ²¹	
Duogu_Tujia		big	1202	1202	ʦʰi⁵³	6	tsʰ i ⁵³	
Dianfang_Tujia		big	1202	1202	ʦʰi⁵⁵	6	tsʰ i ⁵⁵	
Boluo_Tujia		big	1202	1202	ʨʰi³³	6	tɕʰ i ³³	
Tanxi_Tujia		big	1202	1202	ʨʰi³³	6	tɕʰ i ³³	
Tasha_Tujia		bird	937	937	ni̯ɛ²⁴+pi⁵⁵	7	n j ɛ ²⁴ p i ⁵⁵	
Duogu_Tujia		bird	937	937	nie²¹+pi⁵³	7	n i e ²¹ p i ⁵³	
Dianfang_Tujia		bird	937	937	ne³⁵+pi³⁵	7	n e ³⁵ p i ³⁵	
Boluo_Tujia		bird	937	937	kɨ²¹+ʦo²¹+nũ²¹	8	k ɨ ²¹ ts o ²¹ n ũ ∼ ²¹	
Tanxi_Tujia		bird	937	937	kɨ²¹+ʦo²¹	8	k ɨ ²¹ ts o ²¹	
Tasha_Tujia		bite	1403	1403	ka²⁴	9	k a ²⁴	
Duogu_Tujia		bite	1403	1403	ka²⁴	9	k a ²⁴	
Boluo_Tujia		bite	1403	1403	go¹³	9	g o ¹³	
Tasha_Tujia		black	163	163	laŋ²⁴+ka⁵⁵	10	l a ŋ ²⁴ k a ⁵⁵	
Duogu_Tujia		black	163	163	lã⁴⁴+ka⁴⁴+tie²¹	10	l ã ∼ ⁴⁴ k a ⁴⁴ t i e ²¹	
Dianfang_Tujia		black	163	163	lã³⁵+ka⁵⁵	10	l ã ∼ ³⁵ k a ⁵⁵	
Boluo_Tujia		black	163	163	no²¹	10	n o ²¹	
Tanxi_Tujia		black	163	163	lo²¹	10	l o ²¹	
Tasha_Tujia		blood	946	946	mi̯ɛ²¹	11	m j ɛ ²¹	
Duogu_Tujia		blood	946	946	mie⁵³	11	m i e ⁵³	
Dianfang_Tujia		blood	946	946	me⁵⁵	11	m e ⁵⁵	
Boluo_Tujia		blood	946	946	mie²¹+mie²¹	11	m i e ²¹ m i e ²¹	
Tanxi_Tujia		blood	946	946	me²¹+me²¹	11	m e ²¹ m e ²¹	
Tasha_Tujia		bone	1394	1394	lu⁵⁵+ka⁵⁵	12	l u ⁵⁵ k a ⁵⁵	
Duogu_Tujia		bone	1394	1394	lu⁴⁴+ka⁴⁴	12	l u ⁴⁴ k a ⁴⁴	
Dianfang_Tujia		bone	1394	1394	lu⁵⁵+ka⁵⁵	12	l u ⁵⁵ k a ⁵⁵	
Boluo_Tujia		bone	1394	1394	kʰa²¹+kʰɨe⁵³	13	kʰ a ²¹ kʰ ɨ e ⁵³	
Tanxi_Tujia		bone	1394	1394	kʰa²¹+kɨ²¹	13	kʰ a ²¹ k ɨ ²¹	
Tasha_Tujia		breast	1402	1402	li⁵⁵+ku̯ɔ⁵⁵+ʦʰɔŋ⁵⁵	14	l i ⁵⁵ k w ɔ ⁵⁵ tsʰ ɔ ŋ ⁵⁵	
Dianfang_Tujia		breast	1402	1402	li⁵⁵+kʰo⁵⁵+ʦʰũ⁵⁵	14	l i ⁵⁵ kʰ o ⁵⁵ tsʰ ũ ∼ ⁵⁵	
Boluo_Tujia		breast	1402	1402	dẽ³³+go¹³+lẽ³³	14	d ẽ ∼ ³³ g o ¹³ l ẽ ∼ ³³	
Tanxi_Tujia		breast	1402	1402	ɕiõ⁵⁵+kẽ²¹+ʥiã²¹	15	ɕ i õ ∼ ⁵⁵ k ẽ ∼ ²¹ dʑ i ã ∼ ²¹	
Tasha_Tujia		burn	141	141	za²¹	16	z a ²¹	
Duogu_Tujia		burn	141	141	ʨiau⁴⁴	17	tɕ i a u ⁴⁴	
Boluo_Tujia		burn	141	141	ʨiaʉ³³	17	tɕ i a ʉ ³³	
Tasha_Tujia		claw (nail)	2128	2128	kʰu̯ɔ²⁴+tʰa⁵⁵	18	kʰ w ɔ ²⁴ tʰ a ⁵⁵	
Duogu_Tujia		claw (nail)	2128	2128	kʰo⁵³+tʰa⁵³	18	kʰ o ⁵³ tʰ a ⁵³	
Dianfang_Tujia		claw (nail)	2128	2128	kʰo⁵⁵+tʰa⁵⁵	18	kʰ o ⁵⁵ tʰ a ⁵⁵	
Boluo_Tujia		claw (nail)	2128	2128	ʥie⁵³+mũ²¹+ko²¹+lo²¹	18	dʑ i e ⁵³ m ũ ∼ ²¹ k o ²¹ l o ²¹	
Tanxi_Tujia		claw (nail)	2128	2128	ʥe⁵⁵+mo⁵⁵+kʰo²¹	18	dʑ e ⁵⁵ m o ⁵⁵ kʰ o ²¹	
Tasha_Tujia		cloud	1489	1489	me²⁴+la⁵⁵+ɔŋ²¹	19	m e ²⁴ l a ⁵⁵ ɔ ŋ ²¹	
Dianfang_Tujia		cloud	1489	1489	mɨe³⁵+la⁵⁵+ɣũ²¹	19	m ɨ e ³⁵ l a ⁵⁵ ɣ ũ ∼ ²¹	
Tasha_Tujia		cold	1287	1287	sa²¹	20	s a ²¹	
Duogu_Tujia		cold	1287	1287	sa⁵³	20	s a ⁵³	
Dianfang_Tujia		cold	1287	1287	sa⁵⁵	20	s a ⁵⁵	
Boluo_Tujia		cold	1287	1287	si²¹+ʣa²¹	21	s i ²¹ dz a ²¹	
Tanxi_Tujia		cold	1287	1287	si²¹+ʣa¹³	21	s i ²¹ dz a ¹³	
Tasha_Tujia		come	1446	1446	ɤŋ²¹+ʨi̯u²¹	22	ɤ ŋ ²¹ tɕ j u ²¹	
Duogu_Tujia		come	1446	1446	ẽ²¹+ʦi²¹	22	ẽ ∼ ²¹ ts i ²¹	
Dianfang_Tujia		come	1446	1446	ẽ²¹+ʦi²¹	22	ẽ ∼ ²¹ ts i ²¹	
Boluo_Tujia		come	1446	1446	ɣɨ²¹+dɨ⁵³	22	ɣ ɨ ²¹ d ɨ ⁵³	
Tanxi_Tujia		come	1446	1446	ʔɨ¹³+dɨ⁵⁵	22	ʔ ɨ ¹³ d ɨ ⁵⁵	
Tasha_Tujia		die	1494	1494	sɤ²⁴	23	s ɤ ²⁴	
Duogu_Tujia		die	1494	1494	se²⁴	23	s e ²⁴	
Dianfang_Tujia		die	1494	1494	se³⁵	23	s e ³⁵	
Boluo_Tujia		die	1494	1494	se²¹	23	s e ²¹	
Tanxi_Tujia		die	1494	1494	se²¹	23	s e ²¹	
Tasha_Tujia		dog	2009	2009	xa²¹+li̯ɛ²¹	24	x a ²¹ l j ɛ ²¹	
Duogu_Tujia		dog	2009	2009	xa⁵³+lie²¹	24	x a ⁵³ l i e ²¹	
Dianfang_Tujia		dog	2009	2009	xa⁵⁵+le²¹	24	x a ⁵⁵ l e ²¹	
Boluo_Tujia		dog	2009	2009	ʦʰe⁵³	25	tsʰ e ⁵³	
Tanxi_Tujia		dog	2009	2009	ʦʰe⁵⁵	25	tsʰ e ⁵⁵	
Tasha_Tujia		drink	1401	1401	xu²¹	26	x u ²¹	
Duogu_Tujia		drink	1401	1401	xu²¹	26	x u ²¹	
Dianfang_Tujia		drink	1401	1401	xu²¹	26	x u ²¹	
Boluo_Tujia		drink	1401	1401	ʣoʉ³³	27	dz o ʉ ³³	
Tanxi_Tujia		drink	1401	1401	ʣʉ³³	27	dz ʉ ³³	
Tasha_Tujia		dry	1398	1398	ka²¹	28	k a ²¹	
Duogu_Tujia		dry	1398	1398	a⁵³+ka²¹	28	a ⁵³ k a ²¹	
Dianfang_Tujia		dry	1398	1398	ka²¹	28	k a ²¹	
Boluo_Tujia		dry	1398	1398	go¹³	28	g o ¹³	
Tanxi_Tujia		dry	1398	1398	go⁵⁵	28	g o ⁵⁵	
Tasha_Tujia		ear	1247	1247	ɤŋ²¹+ʨʰi̯ɛ²⁴	29	ɤ ŋ ²¹ tɕʰ j ɛ ²⁴	
Duogu_Tujia		ear	1247	1247	ũ²¹+ʨʰie⁴⁴	29	ũ ∼ ²¹ tɕʰ i e ⁴⁴	
Dianfang_Tujia		ear	1247	1247	ẽ²¹+ʨʰe³⁵	29	ẽ ∼ ²¹ tɕʰ e ³⁵	
Boluo_Tujia		ear	1247	1247	ʦa²¹+po⁵³	30	ts a ²¹ p o ⁵³	
Tanxi_Tujia		ear	1247	1247	ʦã²¹+pʉ⁵⁵	30	ts ã ∼ ²¹ p ʉ ⁵⁵	
Tasha_Tujia		earth	1228	1228	zu̯ɔ²¹	31	z w ɔ ²¹	
Duogu_Tujia		earth	1228	1228	zo⁵³	31	z o ⁵³	
Dianfang_Tujia		earth	1228	1228	zo⁵⁵	31	z o ⁵⁵	
Boluo_Tujia		earth	1228	1228	za⁵³	31	z a ⁵³	
Tanxi_Tujia		earth	1228	1228	za⁵⁵	31	z a ⁵⁵	
Tasha_Tujia		eat	1336	1336	ka²⁴	32	k a ²⁴	
Duogu_Tujia		eat	1336	1336	ka²⁴	32	k a ²⁴	
Dianfang_Tujia		eat	1336	1336	ka³⁵	32	k a ³⁵	
Boluo_Tujia		eat	1336	1336	ɣɨe¹³	33	ɣ ɨ e ¹³	
Tanxi_Tujia		eat	1336	1336	ɣɨe³⁵	33	ɣ ɨ e ³⁵	
Tasha_Tujia		egg	744	744	a⁵⁵+li̯ɛ⁵⁵	34	a ⁵⁵ l j ɛ ⁵⁵	
Dianfang_Tujia		egg	744	744	a⁵⁵+le⁵⁵	34	a ⁵⁵ l e ⁵⁵	
Boluo_Tujia		egg	744	744	si²¹+ŋɨe²¹+a¹³+lɨe⁵³	34	s i ²¹ ŋ ɨ e ²¹ a ¹³ l ɨ e ⁵³	
Tanxi_Tujia		egg	744	744	ʔa²¹+le⁵⁵	34	ʔ a ²¹ l e ⁵⁵	
Tasha_Tujia		eye	1248	1248	lu̯ɔ²⁴+pu⁵⁵	35	l w ɔ ²⁴ p u ⁵⁵	
Duogu_Tujia		eye	1248	1248	lo²⁴+pu⁴⁴	35	l o ²⁴ p u ⁴⁴	
Dianfang_Tujia		eye	1248	1248	lo³⁵+pu³⁵	35	l o ³⁵ p u ³⁵	
Boluo_Tujia		eye	1248	1248	a²¹+la⁵³	35	a ²¹ l a ⁵³	
Tanxi_Tujia		eye	1248	1248	ʔa²¹+la⁵⁵	35	ʔ a ²¹ l a ⁵⁵	
Duogu_Tujia		far	1406	1406	ɣɨe²¹	152	ɣ ɨ e ²¹	
Dianfang_Tujia		far	1406	1406	ɣɨe²¹	152	ɣ ɨ e ²¹	
Boluo_Tujia		far	1406	1406	ɣoʉ²¹+i⁵³	153	ɣ o ʉ ²¹ i ⁵³	
Tanxi_Tujia		far	1406	1406	ʔʉ¹³+ji⁵⁵	153	ʔ ʉ ¹³ j i ⁵⁵	
Tasha_Tujia		feather	1201	1201	si²⁴+ka²¹	36	s i ²⁴ k a ²¹	
Duogu_Tujia		feather	1201	1201	ʨi²⁴+ka⁴⁴	36	tɕ i ²⁴ k a ⁴⁴	
Boluo_Tujia		feather	1201	1201	a³³+so³³	37	a ³³ s o ³³	
Tasha_Tujia		fire	221	221	mi²¹	38	m i ²¹	
Duogu_Tujia		fire	221	221	mi⁵³	38	m i ⁵³	
Dianfang_Tujia		fire	221	221	mi⁵⁵	38	m i ⁵⁵	
Boluo_Tujia		fire	221	221	mi⁵³	38	m i ⁵³	
Tanxi_Tujia		fire	221	221	mi⁵⁵	38	m i ⁵⁵	
Tasha_Tujia		fish	227	227	sɔŋ²⁴	39	s ɔ ŋ ²⁴	
Duogu_Tujia		fish	227	227	sũ²⁴	39	s ũ ∼ ²⁴	
Dianfang_Tujia		fish	227	227	sũ³⁵	39	s ũ ∼ ³⁵	
Boluo_Tujia		fish	227	227	si²¹+ŋe²¹	40	s i ²¹ ŋ e ²¹	
Tanxi_Tujia		fish	227	227	si²¹+ŋɨ²¹	40	s i ²¹ ŋ ɨ ²¹	
Tasha_Tujia		fly	1441	1441	za²⁴	41	z a ²⁴	
Duogu_Tujia		fly	1441	1441	za⁵³	41	z a ⁵³	
Dianfang_Tujia		fly	1441	1441	za⁵⁵	41	z a ⁵⁵	
Boluo_Tujia		fly	1441	1441	mu³³+ʥi³³	42	m u ³³ dʑ i ³³	
Tanxi_Tujia		fly	1441	1441	mu³³+ʣi³³	42	m u ³³ dz i ³³	
Tasha_Tujia		foot	1301	1301	ʨi²¹	43	tɕ i ²¹	
Duogu_Tujia		foot	1301	1301	ʨi²¹+pʰa²¹	43	tɕ i ²¹ pʰ a ²¹	
Dianfang_Tujia		foot	1301	1301	ʨi²¹	43	tɕ i ²¹	
Boluo_Tujia		foot	1301	1301	a³³+ʥi¹³	43	a ³³ dʑ i ¹³	
Tanxi_Tujia		foot	1301	1301	ʔa³³+ʥi³⁵	43	ʔ a ³³ dʑ i ³⁵	
Duogu_Tujia		full	1429	1429	mã⁵³	44	m ã ∼ ⁵³	
Dianfang_Tujia		full	1429	1429	mã⁵⁵	44	m ã ∼ ⁵⁵	
Boluo_Tujia		full	1429	1429	moʉ⁵³	44	m o ʉ ⁵³	
Tanxi_Tujia		full	1429	1429	mʉ³³	44	m ʉ ³³	
Tasha_Tujia		give	1447	1447	li̯ɛ²⁴	45	l j ɛ ²⁴	
Duogu_Tujia		give	1447	1447	lie²⁴	45	l i e ²⁴	
Dianfang_Tujia		give	1447	1447	le³⁵	45	l e ³⁵	
Boluo_Tujia		give	1447	1447	lie⁵³	45	l i e ⁵³	
Tanxi_Tujia		give	1447	1447	le⁵⁵	45	l e ⁵⁵	
Tasha_Tujia		good	1035	1035	ʦʰa²⁴	46	tsʰ a ²⁴	
Duogu_Tujia		good	1035	1035	ʦʰa²⁴	46	tsʰ a ²⁴	
Dianfang_Tujia		good	1035	1035	ʦʰa³⁵	46	tsʰ a ³⁵	
Boluo_Tujia		good	1035	1035	ʦʰo²¹	46	tsʰ o ²¹	
Tanxi_Tujia		good	1035	1035	ʦʰo³³	46	tsʰ o ³³	
Tasha_Tujia		green	1425	1425	ɕiŋ²⁴+ka⁵⁵	47	ɕ i ŋ ²⁴ k a ⁵⁵	
Duogu_Tujia		green	1425	1425	lu²¹+lu²¹+ti⁴⁴	48	l u ²¹ l u ²¹ t i ⁴⁴	
Dianfang_Tujia		green	1425	1425	lu³⁵+ka⁵⁵	48	l u ³⁵ k a ⁵⁵	
Boluo_Tujia		green	1425	1425	ɕi²¹	47	ɕ i ²¹	
Tanxi_Tujia		green	1425	1425	lu²¹	48	l u ²¹	
Tasha_Tujia		hair	1040	1040	sa²⁴+ʨʰi⁵⁵	49	s a ²⁴ tɕʰ i ⁵⁵	
Duogu_Tujia		hair	1040	1040	sa²⁴+ʨʰi⁴⁴	49	s a ²⁴ tɕʰ i ⁴⁴	
Dianfang_Tujia		hair	1040	1040	sa³⁵+ʨʰi⁵⁵	49	s a ³⁵ tɕʰ i ⁵⁵	
Boluo_Tujia		hair	1040	1040	a²¹+bo⁵³+a²¹+so²¹	49	a ²¹ b o ⁵³ a ²¹ s o ²¹	
Tanxi_Tujia		hair	1040	1040	ʔa²¹+so²¹	49	ʔ a ²¹ s o ²¹	
Tasha_Tujia		hand	1277	1277	ʨi̯ɛ²⁴	50	tɕ j ɛ ²⁴	
Duogu_Tujia		hand	1277	1277	ʨie²⁴	50	tɕ i e ²⁴	
Dianfang_Tujia		hand	1277	1277	ʨe³⁵	50	tɕ e ³⁵	
Boluo_Tujia		hand	1277	1277	a²¹+ʥie⁵³	50	a ²¹ dʑ i e ⁵³	
Tanxi_Tujia		hand	1277	1277	ʔa²¹+ʥe⁵⁵	50	ʔ a ²¹ dʑ e ⁵⁵	
Tasha_Tujia		head	1256	1256	kʰa⁵⁵+tʰa⁵⁵	51	kʰ a ⁵⁵ tʰ a ⁵⁵	
Duogu_Tujia		head	1256	1256	kʰo⁵³+pa⁵³	51	kʰ o ⁵³ p a ⁵³	
Dianfang_Tujia		head	1256	1256	kʰo⁵⁵+pa⁵⁵	51	kʰ o ⁵⁵ p a ⁵⁵	
Boluo_Tujia		head	1256	1256	a²¹+bo⁵³+bu²¹	52	a ²¹ b o ⁵³ b u ²¹	
Tanxi_Tujia		head	1256	1256	ʔa²¹+bo⁵⁵	52	ʔ a ²¹ b o ⁵⁵	
Tasha_Tujia		hear	1408	1408	ɕi²¹	53	ɕ i ²¹	
Duogu_Tujia		hear	1408	1408	zu²¹	54	z u ²¹	
Dianfang_Tujia		hear	1408	1408	zu²¹	54	z u ²¹	
Boluo_Tujia		hear	1408	1408	xo³³+zi³³	55	x o ³³ z i ³³	
Tanxi_Tujia		hear	1408	1408	ħo³³+zi³³	55	ħ o ³³ z i ³³	
Tasha_Tujia		heart	1223	1223	li⁵⁵+kʰu̯ɔ⁵⁵+lu̯ɔ⁵⁵	56	l i ⁵⁵ kʰ w ɔ ⁵⁵ l w ɔ ⁵⁵	
Duogu_Tujia		heart	1223	1223	li⁵³+kʰo⁴⁴+lo⁴⁴	56	l i ⁵³ kʰ o ⁴⁴ l o ⁴⁴	
Dianfang_Tujia		heart	1223	1223	li⁵⁵+kʰo⁵⁵+lo³⁵	56	l i ⁵⁵ kʰ o ⁵⁵ l o ³⁵	
Boluo_Tujia		heart	1223	1223	tu¹³+sẽ³³	57	t u ¹³ s ẽ ∼ ³³	
Tanxi_Tujia		heart	1223	1223	li²¹+ŋa²¹	56	l i ²¹ ŋ a ²¹	
Tasha_Tujia		heavy	1210	1210	tu²¹	154	t u ²¹	
Duogu_Tujia		heavy	1210	1210	tu⁵³	154	t u ⁵³	
Dianfang_Tujia		heavy	1210	1210	tu⁵⁵	154	t u ⁵⁵	
Boluo_Tujia		heavy	1210	1210	doʉ¹³	154	d o ʉ ¹³	
Tanxi_Tujia		heavy	1210	1210	dʉ³⁵	154	d ʉ ³⁵	
Tasha_Tujia		horn	1393	1393	kʰɤ²¹	58	kʰ ɤ ²¹	
Duogu_Tujia		horn	1393	1393	kʰɨe⁵³	58	kʰ ɨ e ⁵³	
Dianfang_Tujia		horn	1393	1393	kʰɨe⁵⁵	58	kʰ ɨ e ⁵⁵	
Boluo_Tujia		horn	1393	1393	a³³+kʰɨe³³	58	a ³³ kʰ ɨ e ³³	
Tanxi_Tujia		horn	1393	1393	ʔa³³+kʰɨe³³	58	ʔ a ³³ kʰ ɨ e ³³	
Tasha_Tujia		kill	1417	1417	pu²⁴	60	p u ²⁴	
Duogu_Tujia		kill	1417	1417	pu²⁴	60	p u ²⁴	
Dianfang_Tujia		kill	1417	1417	pu³⁵	60	p u ³⁵	
Boluo_Tujia		kill	1417	1417	ɣɨe¹³	61	ɣ ɨ e ¹³	
Tanxi_Tujia		kill	1417	1417	ʔɨ¹³	61	ʔ ɨ ¹³	
Duogu_Tujia		knee	1371	1371	ʨi²¹+tʰi²¹+kʰe⁵³+kai²⁴+kai²⁴	62	tɕ i ²¹ tʰ i ²¹ kʰ e ⁵³ k a i ²⁴ k a i ²⁴	
Dianfang_Tujia		knee	1371	1371	ʨi²¹+tʰi²¹+kʰɨe⁵⁵	62	tɕ i ²¹ tʰ i ²¹ kʰ ɨ e ⁵⁵	
Boluo_Tujia		knee	1371	1371	ʥi²¹+to²¹+ŋo¹³	63	dʑ i ²¹ t o ²¹ ŋ o ¹³	
Tanxi_Tujia		knee	1371	1371	ʔa²¹+ʥi³⁵+po³³+lo³³	64	ʔ a ²¹ dʑ i ³⁵ p o ³³ l o ³³	
Tasha_Tujia		know	1410	1410	xa²¹+zi²¹	65	x a ²¹ z i ²¹	
Duogu_Tujia		know	1410	1410	xau⁵³+ɕi⁴⁴	65	x a u ⁵³ ɕ i ⁴⁴	
Dianfang_Tujia		know	1410	1410	xau⁵⁵+ɕi³⁵	65	x a u ⁵⁵ ɕ i ³⁵	
Boluo_Tujia		know	1410	1410	ɕie⁵³	66	ɕ i e ⁵³	
Tanxi_Tujia		know	1410	1410	ɕe⁵⁵+ʦʰe⁵⁵	66	ɕ e ⁵⁵ tsʰ e ⁵⁵	
Tasha_Tujia		leaf	628	628	ɣɤ⁵⁵+tʰa⁵⁵	67	ɣ ɤ ⁵⁵ tʰ a ⁵⁵	
Duogu_Tujia		leaf	628	628	ɣɨe⁵³+tʰa⁵³	67	ɣ ɨ e ⁵³ tʰ a ⁵³	
Dianfang_Tujia		leaf	628	628	ɣɨe⁵⁵+tʰa⁵⁵	67	ɣ ɨ e ⁵⁵ tʰ a ⁵⁵	
Boluo_Tujia		leaf	628	628	a³³+ɣɨe³³	68	a ³³ ɣ ɨ e ³³	
Tanxi_Tujia		leaf	628	628	ʔa²¹+ɣɨe²¹	68	ʔ a ²¹ ɣ ɨ e ²¹	
Tasha_Tujia		lie	1411	1411	pʰɤ²¹	69	pʰ ɤ ²¹	
Duogu_Tujia		lie	1411	1411	nie²⁴+po⁴⁴	70	n i e ²⁴ p o ⁴⁴	
Boluo_Tujia		lie	1411	1411	kʰaʉ¹³	71	kʰ a ʉ ¹³	
Tasha_Tujia		liver	1224	1224	aŋ⁵⁵+a⁵⁵	72	a ŋ ⁵⁵ a ⁵⁵	
Duogu_Tujia		liver	1224	1224	a⁵³+ŋai⁴⁴	72	a ⁵³ ŋ a i ⁴⁴	
Dianfang_Tujia		liver	1224	1224	ã⁵⁵+ŋa⁵⁵	72	ã ∼ ⁵⁵ ŋ a ⁵⁵	
Tasha_Tujia		long	1203	1203	ɣɤ²¹	73	ɣ ɤ ²¹	
Duogu_Tujia		long	1203	1203	ɣɨe²¹	73	ɣ ɨ e ²¹	
Dianfang_Tujia		long	1203	1203	ɣɨe²¹	73	ɣ ɨ e ²¹	
Boluo_Tujia		long	1203	1203	ɣɨe¹³	73	ɣ ɨ e ¹³	
Tanxi_Tujia		long	1203	1203	ɣɨe³⁵	73	ɣ ɨ e ³⁵	
Tasha_Tujia		louse	1392	1392	si⁵⁵+si⁵⁵	74	s i ⁵⁵ s i ⁵⁵	
Duogu_Tujia		louse	1392	1392	si⁵³+si⁴⁴	74	s i ⁵³ s i ⁴⁴	
Dianfang_Tujia		louse	1392	1392	si⁵⁵+si⁵⁵	74	s i ⁵⁵ s i ⁵⁵	
Boluo_Tujia		louse	1392	1392	a²¹+si⁵³+lũ³³	74	a ²¹ s i ⁵³ l ũ ∼ ³³	
Tanxi_Tujia		louse	1392	1392	ʔa²¹+si⁵⁵	74	ʔ a ²¹ s i ⁵⁵	
Tasha_Tujia		man	1554	1554	ʦu̯ɔ⁵⁵+pa⁵⁵	75	ts w ɔ ⁵⁵ p a ⁵⁵	
Duogu_Tujia		man	1554	1554	no⁵³+pa⁴⁴+ʦe⁴⁴	75	n o ⁵³ p a ⁴⁴ ts e ⁴⁴	
Dianfang_Tujia		man	1554	1554	no⁵⁵+pa⁵⁵	75	n o ⁵⁵ p a ⁵⁵	
Boluo_Tujia		man	1554	1554	a²¹+ko²¹+bie²¹	76	a ²¹ k o ²¹ b i e ²¹	
Tanxi_Tujia		man	1554	1554	ʔa²¹+ko²¹+be²¹+ŋɨ²¹	76	ʔ a ²¹ k o ²¹ b e ²¹ ŋ ɨ ²¹	
Tasha_Tujia		many	1198	1198	zi²¹	77	z i ²¹	
Duogu_Tujia		many	1198	1198	zi²¹	77	z i ²¹	
Dianfang_Tujia		many	1198	1198	zi²¹	77	z i ²¹	
Boluo_Tujia		many	1198	1198	zi⁴⁵	77	z i ⁴⁵	
Tanxi_Tujia		many	1198	1198	zi³⁵	77	z i ³⁵	
Tasha_Tujia		meat	634	634	si²¹	78	s i ²¹	
Duogu_Tujia		meat	634	634	si²¹	78	s i ²¹	
Dianfang_Tujia		meat	634	634	si²¹	78	s i ²¹	
Boluo_Tujia		meat	634	634	si¹³	78	s i ¹³	
Tanxi_Tujia		meat	634	634	si³⁵	78	s i ³⁵	
Tasha_Tujia		moon	1313	1313	su²¹+su²¹	79	s u ²¹ s u ²¹	
Duogu_Tujia		moon	1313	1313	su²¹+su²¹+kʰa²¹+ʨi̯e⁴⁴	79	s u ²¹ s u ²¹ kʰ a ²¹ tɕ j e ⁴⁴	
Dianfang_Tujia		moon	1313	1313	su²¹+su²¹	79	s u ²¹ s u ²¹	
Tanxi_Tujia		moon	1313	1313	lo³⁵+ɕi⁵⁵+dʉ³⁵	80	l o ³⁵ ɕ i ⁵⁵ d ʉ ³⁵	
Tasha_Tujia		mountain	639	639	kʰu⁵⁵+li̯ɛ⁵⁵	81	kʰ u ⁵⁵ l j ɛ ⁵⁵	
Duogu_Tujia		mountain	639	639	kʰu⁵³+ʦa⁵³	81	kʰ u ⁵³ ts a ⁵³	
Dianfang_Tujia		mountain	639	639	kʰu⁵⁵+ʦa⁵⁵	81	kʰ u ⁵⁵ ts a ⁵⁵	
Boluo_Tujia		mountain	639	639	za⁵³+kʰa²¹	82	z a ⁵³ kʰ a ²¹	
Tanxi_Tujia		mountain	639	639	za⁵⁵	82	z a ⁵⁵	
Tasha_Tujia		mouth	674	674	ʦa²⁴+ʨʰi⁵⁵	83	ts a ²⁴ tɕʰ i ⁵⁵	
Duogu_Tujia		mouth	674	674	ʦa²⁴+ʨʰi⁴⁴	83	ts a ²⁴ tɕʰ i ⁴⁴	
Dianfang_Tujia		mouth	674	674	ʦa³⁵+ʨʰi⁵⁵	83	ts a ³⁵ tɕʰ i ⁵⁵	
Boluo_Tujia		mouth	674	674	a²¹+ze²¹	84	a ²¹ z e ²¹	
Tanxi_Tujia		mouth	674	674	ʔa²¹+ze²¹	84	ʔ a ²¹ z e ²¹	
Boluo_Tujia		name	1405	1405	nioʉ³³	85	n i o ʉ ³³	
Tanxi_Tujia		name	1405	1405	niʉ³⁵+bo²¹	85	n i ʉ ³⁵ b o ²¹	
Duogu_Tujia		near	1942	1942	ʦũ⁵³	155	ts ũ ∼ ⁵³	
Dianfang_Tujia		near	1942	1942	ʦũ⁵⁵	155	ts ũ ∼ ⁵⁵	
Boluo_Tujia		near	1942	1942	ɣoʉ²¹+ʣa²¹	156	ɣ o ʉ ²¹ dz a ²¹	
Tanxi_Tujia		near	1942	1942	ʔʉ¹³+ʣa³³	156	ʔ ʉ ¹³ dz a ³³	
Tasha_Tujia		neck	1333	1333	kʰɔŋ⁵⁵+ti⁵⁵	86	kʰ ɔ ŋ ⁵⁵ t i ⁵⁵	
Duogu_Tujia		neck	1333	1333	kʰũ⁴⁴+ti⁴⁴	86	kʰ ũ ∼ ⁴⁴ t i ⁴⁴	
Dianfang_Tujia		neck	1333	1333	kʰũ⁵⁵+ti⁵⁵	86	kʰ ũ ∼ ⁵⁵ t i ⁵⁵	
Boluo_Tujia		neck	1333	1333	kua¹³+la⁵³	87	k u a ¹³ l a ⁵³	
Tanxi_Tujia		neck	1333	1333	gua²¹+la⁵⁵	87	g u a ²¹ l a ⁵⁵	
Tasha_Tujia		new	1231	1231	a²⁴+ɕi⁵⁵	88	a ²⁴ ɕ i ⁵⁵	
Duogu_Tujia		new	1231	1231	ɣa²⁴+si⁴⁴	88	ɣ a ²⁴ s i ⁴⁴	
Dianfang_Tujia		new	1231	1231	a³⁵+si³⁵	88	a ³⁵ s i ³⁵	
Boluo_Tujia		new	1231	1231	a³³+ɕi³³	88	a ³³ ɕ i ³³	
Tanxi_Tujia		new	1231	1231	ʔa⁵⁵+ɕi²¹	88	ʔ a ⁵⁵ ɕ i ²¹	
Tasha_Tujia		nose	1221	1221	ɤŋ²⁴+ʨʰi⁵⁵	90	ɤ ŋ ²⁴ tɕʰ i ⁵⁵	
Duogu_Tujia		nose	1221	1221	ũ²⁴+ʨʰi⁴⁴	90	ũ ∼ ²⁴ tɕʰ i ⁴⁴	
Dianfang_Tujia		nose	1221	1221	ẽ³⁵+ʨʰi⁵⁵	90	ẽ ∼ ³⁵ tɕʰ i ⁵⁵	
Boluo_Tujia		nose	1221	1221	koʉ²¹+ʨi⁵³	91	k o ʉ ²¹ tɕ i ⁵³	
Tanxi_Tujia		nose	1221	1221	kʉ¹³+ʨi⁵⁵+dʉ³⁵	91	k ʉ ¹³ tɕ i ⁵⁵ d ʉ ³⁵	
Tasha_Tujia		not	1240	1240	ta²⁴	92	t a ²⁴	
Duogu_Tujia		not	1240	1240	tʰa⁵³	92	tʰ a ⁵³	
Dianfang_Tujia		not	1240	1240	tʰa⁵⁵	92	tʰ a ⁵⁵	
Boluo_Tujia		not	1240	1240	læ̃	93	l æ̃ ∼	
Tanxi_Tujia		not	1240	1240	ma⁵³	94	m a ⁵³	
Tasha_Tujia		one	1493	1493	la²⁴	95	l a ²⁴	
Duogu_Tujia		one	1493	1493	na²⁴	95	n a ²⁴	
Dianfang_Tujia		one	1493	1493	na³⁵	95	n a ³⁵	
Boluo_Tujia		one	1493	1493	la³³	95	l a ³³	
Tanxi_Tujia		one	1493	1493	la⁵⁵	95	l a ⁵⁵	
Tasha_Tujia		person	683	683	lu̯ɔ²¹	96	l w ɔ ²¹	
Dianfang_Tujia		person	683	683	no⁵⁵	96	n o ⁵⁵	
Tanxi_Tujia		person	683	683	nia³³	96	n i a ³³	
Tasha_Tujia		rain	658	658	mɤ²⁴+zɤ²¹	97	m ɤ ²⁴ z ɤ ²¹	
Duogu_Tujia		rain	658	658	mɨe²⁴+ʦe²¹	97	m ɨ e ²⁴ ts e ²¹	
Dianfang_Tujia		rain	658	658	mɨe³⁵+ʦe²¹	97	m ɨ e ³⁵ ts e ²¹	
Boluo_Tujia		rain	658	658	ze¹³	97	z e ¹³	
Tanxi_Tujia		rain	658	658	ze³⁵	97	z e ³⁵	
Tasha_Tujia		red	156	156	mi̯ɛn⁵⁵+ʨi̯ɛ⁵⁵	98	m j ɛ n ⁵⁵ tɕ j ɛ ⁵⁵	
Duogu_Tujia		red	156	156	miã⁵³+ʨie⁴⁴	98	m i ã ∼ ⁵³ tɕ i e ⁴⁴	
Dianfang_Tujia		red	156	156	miã⁵⁵+ʨe⁵⁵	98	m i ã ∼ ⁵⁵ tɕ e ⁵⁵	
Boluo_Tujia		red	156	156	bo²¹+ni²¹	99	b o ²¹ n i ²¹	
Tanxi_Tujia		red	156	156	bo³³+ni¹³	99	b o ³³ n i ¹³	
Tasha_Tujia		road	667	667	la²¹	100	l a ²¹	
Dianfang_Tujia		road	667	667	la⁵⁵	100	l a ⁵⁵	
Tanxi_Tujia		road	667	667	lo³³	100	l o ³³	
Tasha_Tujia		root	670	670	ʨi⁵⁵+la²¹	101	tɕ i ⁵⁵ l a ²¹	
Duogu_Tujia		root	670	670	ʨi⁵³+la²¹	101	tɕ i ⁵³ l a ²¹	
Dianfang_Tujia		root	670	670	ʨi⁵⁵+la²¹	101	tɕ i ⁵⁵ l a ²¹	
Tasha_Tujia		round	1395	1395	pɔ²¹+lu̯ɔ⁵⁵+lu̯ɔ⁵⁵	102	p ɔ ²¹ l w ɔ ⁵⁵ l w ɔ ⁵⁵	
Duogu_Tujia		round	1395	1395	tʰuã²¹+kʰo⁵³+li⁴⁴	103	tʰ u ã ∼ ²¹ kʰ o ⁵³ l i ⁴⁴	
Dianfang_Tujia		round	1395	1395	kʰu²¹+lo⁵⁵+lo²¹	102	kʰ u ²¹ l o ⁵⁵ l o ²¹	
Boluo_Tujia		round	1395	1395	duæ̃³³	103	d u æ̃ ∼ ³³	
Tanxi_Tujia		round	1395	1395	duã³³	103	d u ã ∼ ³³	
Tasha_Tujia		salt	1274	1274	la²⁴+pu⁵⁵	157	l a ²⁴ p u ⁵⁵	
Duogu_Tujia		salt	1274	1274	la²⁴+pu⁴⁴	157	l a ²⁴ p u ⁴⁴	
Dianfang_Tujia		salt	1274	1274	la³⁵+pu³⁵	157	l a ³⁵ p u ³⁵	
Boluo_Tujia		salt	1274	1274	a²¹+si⁵³	158	a ²¹ s i ⁵³	
Tanxi_Tujia		salt	1274	1274	ʔa²¹+si⁵⁵	158	ʔ a ²¹ s i ⁵⁵	
Tasha_Tujia		sand	671	671	a²¹+pu²⁴+li⁵⁵	104	a ²¹ p u ²⁴ l i ⁵⁵	
Duogu_Tujia		sand	671	671	ɣa²¹+pʰi²⁴+pʰi⁵³	104	ɣ a ²¹ pʰ i ²⁴ pʰ i ⁵³	
Dianfang_Tujia		sand	671	671	a²¹+pu³⁵+li³⁵	104	a ²¹ p u ³⁵ l i ³⁵	
Tasha_Tujia		say	1458	1458	li²¹	105	l i ²¹	
Duogu_Tujia		say	1458	1458	li²¹	105	l i ²¹	
Dianfang_Tujia		say	1458	1458	li²¹	105	l i ²¹	
Boluo_Tujia		say	1458	1458	xɨe⁵³	106	x ɨ e ⁵³	
Tanxi_Tujia		say	1458	1458	ħɨ⁵⁵	106	ħ ɨ ⁵⁵	
Tasha_Tujia		see	1409	1409	ji²¹	107	j i ²¹	
Duogu_Tujia		see	1409	1409	pa⁵³+to²¹+liaw²¹	108	p a ⁵³ t o ²¹ l i a w ²¹	
Dianfang_Tujia		see	1409	1409	ji²¹	107	j i ²¹	
Boluo_Tujia		see	1409	1409	bo¹³+i⁴⁵	107	b o ¹³ i ⁴⁵	
Tanxi_Tujia		see	1409	1409	bo¹³+ji³⁵	107	b o ¹³ j i ³⁵	
Tasha_Tujia		seed	714	714	ni̯ɛ⁵⁵+laŋ⁵⁵	109	n j ɛ ⁵⁵ l a ŋ ⁵⁵	
Duogu_Tujia		seed	714	714	pu²⁴+li⁵³	110	p u ²⁴ l i ⁵³	
Dianfang_Tujia		seed	714	714	ne⁵⁵+nã⁵⁵	109	n e ⁵⁵ n ã ∼ ⁵⁵	
Boluo_Tujia		seed	714	714	a³³+lie³³	111	a ³³ l i e ³³	
Tanxi_Tujia		seed	714	714	ʔa³³+le³³	111	ʔ a ³³ l e ³³	
Tasha_Tujia		short	1645	1645	ʦɔŋ²¹	159	ts ɔ ŋ ²¹	
Duogu_Tujia		short	1645	1645	ʦũ⁵³	159	ts ũ ∼ ⁵³	
Dianfang_Tujia		short	1645	1645	ʦũ⁵⁵	159	ts ũ ∼ ⁵⁵	
Boluo_Tujia		short	1645	1645	ʣoʉ¹³	159	dz o ʉ ¹³	
Tanxi_Tujia		short	1645	1645	ʣʉ¹³	159	dz ʉ ¹³	
Tasha_Tujia		sit	1416	1416	ɔŋ²¹	112	ɔ ŋ ²¹	
Duogu_Tujia		sit	1416	1416	ũ²¹	112	ũ ∼ ²¹	
Dianfang_Tujia		sit	1416	1416	ũ²¹	112	ũ ∼ ²¹	
Boluo_Tujia		sit	1416	1416	ɣoʉ¹³	112	ɣ o ʉ ¹³	
Tanxi_Tujia		sit	1416	1416	ʔʉ³⁵	112	ʔ ʉ ³⁵	
Tasha_Tujia		skin	763	763	tʰa²⁴+pʰa²¹	113	tʰ a ²⁴ pʰ a ²¹	
Duogu_Tujia		skin	763	763	tʰa⁵³+pʰa²¹	113	tʰ a ⁵³ pʰ a ²¹	
Dianfang_Tujia		skin	763	763	tʰa⁵⁵+pʰa²¹	113	tʰ a ⁵⁵ pʰ a ²¹	
Boluo_Tujia		skin	763	763	ko³³+lo³³	114	k o ³³ l o ³³	
Tanxi_Tujia		skin	763	763	kɨ²¹+lo²¹	114	k ɨ ²¹ l o ²¹	
Tasha_Tujia		sleep	1585	1585	ni̯ɛ²⁴+pi̯ɛ²¹	115	n j ɛ ²⁴ p j ɛ ²¹	
Duogu_Tujia		sleep	1585	1585	nie²⁴	115	n i e ²⁴	
Dianfang_Tujia		sleep	1585	1585	ne³⁵	115	n e ³⁵	
Boluo_Tujia		sleep	1585	1585	nie²¹	115	n i e ²¹	
Tanxi_Tujia		sleep	1585	1585	ne²¹	115	n e ²¹	
Tasha_Tujia		small	1246	1246	su̯an²¹	116	s w a n ²¹	
Duogu_Tujia		small	1246	1246	suã⁵³	116	s u ã ∼ ⁵³	
Dianfang_Tujia		small	1246	1246	suã⁵⁵	116	s u ã ∼ ⁵⁵	
Boluo_Tujia		small	1246	1246	sa³³	116	s a ³³	
Tanxi_Tujia		small	1246	1246	sa³³	116	s a ³³	
Duogu_Tujia		smoke	778	778	kʰe⁵³+kʰa²¹	117	kʰ e ⁵³ kʰ a ²¹	
Dianfang_Tujia		smoke	778	778	kʰɨe⁵⁵+kʰa²¹	117	kʰ ɨ e ⁵⁵ kʰ a ²¹	
Boluo_Tujia		smoke	778	778	kʰɨe⁵³+sa²¹	117	kʰ ɨ e ⁵³ s a ²¹	
Tanxi_Tujia		smoke	778	778	kɨe⁵⁵+sa²¹	117	k ɨ e ⁵⁵ s a ²¹	
Tasha_Tujia		snake	730	730	wɔ²¹	160	w ɔ ²¹	
Duogu_Tujia		snake	730	730	uo⁵³	160	u o ⁵³	
Dianfang_Tujia		snake	730	730	wo⁵⁵	160	w o ⁵⁵	
Boluo_Tujia		snake	730	730	tɨj⁵³+pɨe⁴⁵+nũ³³	161	t ɨ j ⁵³ p ɨ e ⁴⁵ n ũ ∼ ³³	
Tanxi_Tujia		snake	730	730	tei³³+pʰɨe³⁵	161	t e i ³³ pʰ ɨ e ³⁵	
Tasha_Tujia		stand	1442	1442	ʦu⁵⁵+ʦu²¹	118	ts u ⁵⁵ ts u ²¹	
Duogu_Tujia		stand	1442	1442	ʦu⁵³+ʦu⁵³	118	ts u ⁵³ ts u ⁵³	
Dianfang_Tujia		stand	1442	1442	ʦu⁵⁵+ʦu⁵⁵	118	ts u ⁵⁵ ts u ⁵⁵	
Boluo_Tujia		stand	1442	1442	du³³	119	d u ³³	
Tanxi_Tujia		stand	1442	1442	du³³	119	d u ³³	
Tasha_Tujia		star	1430	1430	ɕi²¹+pu²⁴+li⁵⁵	120	ɕ i ²¹ p u ²⁴ l i ⁵⁵	
Duogu_Tujia		star	1430	1430	si⁵³+zi²¹	120	s i ⁵³ z i ²¹	
Dianfang_Tujia		star	1430	1430	si⁵¹+zi²¹	120	s i ⁵¹ z i ²¹	
Tasha_Tujia		stone	857	857	a²¹+pa²¹	121	a ²¹ p a ²¹	
Duogu_Tujia		stone	857	857	ɣa²¹+pa²¹	121	ɣ a ²¹ p a ²¹	
Dianfang_Tujia		stone	857	857	a²¹+pa²¹	121	a ²¹ p a ²¹	
Boluo_Tujia		stone	857	857	loʉ¹³+koʉ²¹+doʉ¹³	122	l o ʉ ¹³ k o ʉ ²¹ d o ʉ ¹³	
Tanxi_Tujia		stone	857	857	lʉ³⁵	122	l ʉ ³⁵	
Tasha_Tujia		sun	1343	1343	law²¹	123	l a w ²¹	
Duogu_Tujia		sun	1343	1343	naw²¹+ʦʰi²¹	123	n a w ²¹ tsʰ i ²¹	
Dianfang_Tujia		sun	1343	1343	naw²¹	123	n a w ²¹	
Boluo_Tujia		sun	1343	1343	no⁴⁵+doʉ³³	123	n o ⁴⁵ d o ʉ ³³	
Tanxi_Tujia		sun	1343	1343	lo³⁵+ji³³+dʉ¹³	123	l o ³⁵ j i ³³ d ʉ ¹³	
Tasha_Tujia		swim	1439	1439	ʨi̯ɛ²⁴+ta⁵⁵+wu²¹	124	tɕ j ɛ ²⁴ t a ⁵⁵ w u ²¹	
Duogu_Tujia		swim	1439	1439	ʦʰe²¹+ʨʰiw²¹	125	tsʰ e ²¹ tɕʰ i w ²¹	
Tasha_Tujia		tail	1220	1220	li̯ɛ²¹+pʰɔŋ²⁴	126	l j ɛ ²¹ pʰ ɔ ŋ ²⁴	
Duogu_Tujia		tail	1220	1220	nie²¹+pʰũ⁵³	126	n i e ²¹ pʰ ũ ∼ ⁵³	
Dianfang_Tujia		tail	1220	1220	le²¹+pʰũ³⁵	126	l e ²¹ pʰ ũ ∼ ³⁵	
Boluo_Tujia		tail	1220	1220	liã²¹+to⁵³	126	l i ã ∼ ²¹ t o ⁵³	
Tanxi_Tujia		tail	1220	1220	jiã²¹+tʉ⁵⁵	126	j i ã ∼ ²¹ t ʉ ⁵⁵	
Tasha_Tujia		that	78	78	aj⁵⁵	127	a j ⁵⁵	
Duogu_Tujia		that	78	78	aj⁵³+ti⁴⁴	127	a j ⁵³ t i ⁴⁴	
Dianfang_Tujia		that	78	78	aj⁵⁵	127	a j ⁵⁵	
Boluo_Tujia		that	78	78	ta³³+bu³³	128	t a ³³ b u ³³	
Tanxi_Tujia		that	78	78	ta²¹	128	t a ²¹	
Tasha_Tujia		thin	1400	1400	sa²¹+sa²¹	162	s a ²¹ s a ²¹	
Duogu_Tujia		thin	1400	1400	sa²¹+saj⁴⁴	162	s a ²¹ s a j ⁴⁴	
Dianfang_Tujia		thin	1400	1400	sa²¹+sa³¹	162	s a ²¹ s a ³¹	
Boluo_Tujia		thin	1400	1400	so²¹+so⁵³	162	s o ²¹ s o ⁵³	
Tanxi_Tujia		thin	1400	1400	so²¹+so⁵⁵	162	s o ²¹ s o ⁵⁵	
Tasha_Tujia		this	1214	1214	ɤŋ⁵⁵	129	ɤ ŋ ⁵⁵	
Duogu_Tujia		this	1214	1214	kaj²⁴+ti⁴⁴	130	k a j ²⁴ t i ⁴⁴	
Dianfang_Tujia		this	1214	1214	ũ⁵⁵	129	ũ ∼ ⁵⁵	
Boluo_Tujia		this	1214	1214	ʥia²¹+bu²¹	131	dʑ i a ²¹ b u ²¹	
Tanxi_Tujia		this	1214	1214	ʥia²¹	131	dʑ i a ²¹	
Tasha_Tujia		this	1214	1214	kaj²⁴	130	k a j ²⁴	
Dianfang_Tujia		this	1214	1214	kaj³⁵	130	k a j ³⁵	
Tasha_Tujia		thou	1215	1215	ni²⁴	132	n i ²⁴	
Duogu_Tujia		thou	1215	1215	ni²⁴	132	n i ²⁴	
Dianfang_Tujia		thou	1215	1215	ni³⁵	132	n i ³⁵	
Boluo_Tujia		thou	1215	1215	ni³³	132	n i ³³	
Tanxi_Tujia		thou	1215	1215	ni³³	132	n i ³³	
Tasha_Tujia		tongue	1205	1205	ji²⁴+la⁵⁵	133	j i ²⁴ l a ⁵⁵	
Duogu_Tujia		tongue	1205	1205	i²⁴+la⁵³	133	i ²⁴ l a ⁵³	
Dianfang_Tujia		tongue	1205	1205	ji³⁵+la⁵⁵	133	j i ³⁵ l a ⁵⁵	
Boluo_Tujia		tongue	1205	1205	ʣi²¹+la²¹	133	dz i ²¹ l a ²¹	
Tanxi_Tujia		tongue	1205	1205	ʣi²¹+la²¹	133	dz i ²¹ l a ²¹	
Tasha_Tujia		tooth	1380	1380	si⁵⁵+si⁵⁵	134	s i ⁵⁵ s i ⁵⁵	
Duogu_Tujia		tooth	1380	1380	si⁴⁴+si⁴⁴	134	s i ⁴⁴ s i ⁴⁴	
Dianfang_Tujia		tooth	1380	1380	si⁵⁵+si⁵⁵	134	s i ⁵⁵ s i ⁵⁵	
Boluo_Tujia		tooth	1380	1380	si³³+ta¹³	134	s i ³³ t a ¹³	
Tanxi_Tujia		tooth	1380	1380	si³³+ta³⁵	134	s i ³³ t a ³⁵	
Tasha_Tujia		tree	906	906	kʰa²¹+mɔŋ²¹	135	kʰ a ²¹ m ɔ ŋ ²¹	
Duogu_Tujia		tree	906	906	kʰa²¹+mũ²¹	135	kʰ a ²¹ m ũ ∼ ²¹	
Dianfang_Tujia		tree	906	906	kʰa²¹+mũ²¹	135	kʰ a ²¹ m ũ ∼ ²¹	
Boluo_Tujia		tree	906	906	kʰo¹³+mũ²¹	135	kʰ o ¹³ m ũ ∼ ²¹	
Tanxi_Tujia		tree	906	906	kʰo³⁵	135	kʰ o ³⁵	
Tasha_Tujia		two	1498	1498	ni̯ɛ⁵⁵	136	n j ɛ ⁵⁵	
Duogu_Tujia		two	1498	1498	nie⁵³	136	n i e ⁵³	
Dianfang_Tujia		two	1498	1498	ne⁵⁵	136	n e ⁵⁵	
Boluo_Tujia		two	1498	1498	nie⁵³	136	n i e ⁵³	
Tanxi_Tujia		two	1498	1498	le⁵⁵	136	l e ⁵⁵	
Tasha_Tujia		walk(go)	1443	1443	ɣi²⁴	137	ɣ i ²⁴	
Duogu_Tujia		walk(go)	1443	1443	ɣɨ²⁴	137	ɣ ɨ ²⁴	
Dianfang_Tujia		walk(go)	1443	1443	ɣɨ³⁵	137	ɣ ɨ ³⁵	
Boluo_Tujia		walk(go)	1443	1443	ʣoʉ¹³	138	dz o ʉ ¹³	
Tanxi_Tujia		walk(go)	1443	1443	je²¹	137	j e ²¹	
Tasha_Tujia		warm	1232	1232	ki²¹	139	k i ²¹	
Duogu_Tujia		warm	1232	1232	kɨ²¹	139	k ɨ ²¹	
Dianfang_Tujia		warm	1232	1232	kɨ²¹	139	k ɨ ²¹	
Boluo_Tujia		warm	1232	1232	si²¹+to²¹	140	s i ²¹ t o ²¹	
Tanxi_Tujia		warm	1232	1232	si²¹+to¹³	140	s i ²¹ t o ¹³	
Tasha_Tujia		water	948	948	ʨʰɤ²¹	141	tɕʰ ɤ ²¹	
Duogu_Tujia		water	948	948	ʦʰe²¹	141	tsʰ e ²¹	
Dianfang_Tujia		water	948	948	ʦʰe²¹	141	tsʰ e ²¹	
Boluo_Tujia		water	948	948	ʦʰe¹³	141	tsʰ e ¹³	
Tanxi_Tujia		water	948	948	ʦʰe³⁵	141	tsʰ e ³⁵	
Tasha_Tujia		we	1212	1212	aŋ²⁴	142	a ŋ ²⁴ n i ⁵⁵	
Duogu_Tujia		we	1212	1212	ŋa²⁴+ni⁴⁴	142	ŋ a ²⁴ n i ⁴⁴	
Dianfang_Tujia		we	1212	1212	ŋa³⁵+ni³⁵	142	ŋ a ³⁵ n i ³⁵	
Boluo_Tujia		we	1212	1212	a³³+ni³³	142	a ³³ n i ³³	
Tanxi_Tujia		we	1212	1212	ʔa²¹+ni³³	142	ʔ a ²¹ n i ³³	
Tasha_Tujia		what	1236	1236	ʨʰi̯ɛ²¹	143	tɕʰ j ɛ ²¹	
Duogu_Tujia		what	1236	1236	naj⁵³+ɕi²¹	144	n a j ⁵³ ɕ i ²¹	
Dianfang_Tujia		what	1236	1236	naj⁵⁵+ɕi²¹	144	n a j ⁵⁵ ɕ i ²¹	
Boluo_Tujia		what	1236	1236	ʦʰu⁵³+u³³	145	tsʰ u ⁵³ u ³³	
Tanxi_Tujia		what	1236	1236	ʦʰu⁵⁵+mo²¹	145	tsʰ u ⁵⁵ m o ²¹	
Tasha_Tujia		white	1335	1335	a²¹+si²¹	146	a ²¹ s i ²¹	
Duogu_Tujia		white	1335	1335	a²¹+si²¹	146	a ²¹ s i ²¹	
Dianfang_Tujia		white	1335	1335	a²¹+si²¹	146	a ²¹ s i ²¹	
Boluo_Tujia		white	1335	1335	si³³	146	s i ³³	
Tanxi_Tujia		white	1335	1335	si³³	146	s i ³³	
Tasha_Tujia		who	1235	1235	a²¹+sɤ²¹	147	a ²¹ s ɤ ²¹	
Duogu_Tujia		who	1235	1235	a⁵³+so²¹	147	a ⁵³ s o ²¹	
Dianfang_Tujia		who	1235	1235	a⁵⁵+se²¹	147	a ⁵⁵ s e ²¹	
Boluo_Tujia		who	1235	1235	a³³+si³³+ŋe³³	147	a ³³ s i ³³ ŋ e ³³	
Tanxi_Tujia		who	1235	1235	ʔa³³+si³³	147	ʔ a ³³ s i ³³	
Tasha_Tujia		wind	960	960	zɤ²⁴	163	z ɤ ²⁴	
Duogu_Tujia		wind	960	960	ze²⁴+su⁵³	163	z e ²⁴ s u ⁵³	
Dianfang_Tujia		wind	960	960	ze³⁵+su⁵⁵	163	z e ³⁵ s u ⁵⁵	
Boluo_Tujia		wind	960	960	ze²¹+ŋej⁴⁵	163	z e ²¹ ŋ e j ⁴⁵	
Tanxi_Tujia		wind	960	960	ze²¹+ŋɨ²¹	163	z e ²¹ ŋ ɨ ²¹	
Tasha_Tujia		woman	962	962	ma²¹+ma⁵⁵	148	m a ²¹ m a ⁵⁵	
Duogu_Tujia		woman	962	962	ma²¹+ma²¹+ʦe⁴⁴	148	m a ²¹ m a ²¹ ts e ⁴⁴	
Dianfang_Tujia		woman	962	962	ma²¹+ma²¹+te⁵⁵	148	m a ²¹ m a ²¹ t e ⁵⁵	
Boluo_Tujia		woman	962	962	a¹³+io⁵³+bie²¹	149	a ¹³ i o ⁵³ b i e ²¹	
Tanxi_Tujia		woman	962	962	ʔa²¹+jio⁵⁵+be²¹+ŋɨ²¹	149	ʔ a ²¹ j i o ⁵⁵ b e ²¹ ŋ ɨ ²¹	
Tasha_Tujia		worm	1219	1219	kʰu̯aj⁵⁵+ʨʰi⁵⁵+la⁵⁵	164	kʰ w a j ⁵⁵ tɕʰ i ⁵⁵ l a ⁵⁵	
Duogu_Tujia		worm	1219	1219	kʰuaj²⁴+ʨʰi²¹+la²¹	164	kʰ u a j ²⁴ tɕʰ i ²¹ l a ²¹	
Dianfang_Tujia		worm	1219	1219	kʰuaj³⁵+ʨʰi⁵⁵+la⁵⁵	164	kʰ u a j ³⁵ tɕʰ i ⁵⁵ l a ⁵⁵	
Boluo_Tujia		worm	1219	1219	ka⁵³+doʉ¹³+se²¹	165	k a ⁵³ d o ʉ ¹³ s e ²¹	
Tanxi_Tujia		worm	1219	1219	ka²¹+dʉ³⁵+se²¹	165	k a ²¹ d ʉ ³⁵ s e ²¹	
Tasha_Tujia		year	1226	1226	lɔŋ⁵⁵	166	l ɔ ŋ ⁵⁵	
Dianfang_Tujia		year	1226	1226	nũ²¹	166	n ũ ∼ ²¹	
Tanxi_Tujia		year	1226	1226	niʉ³⁵	166	n i ʉ ³⁵	
Tasha_Tujia		yellow	1424	1424	wan²¹+ka⁵⁵+la⁵⁵	150	w a n ²¹ k a ⁵⁵ l a ⁵⁵	
Duogu_Tujia		yellow	1424	1424	uã²¹+ka⁵³+lie⁴⁴	150	u ã ∼ ²¹ k a ⁵³ l i e ⁴⁴	
Dianfang_Tujia		yellow	1424	1424	wã²¹+ka⁵⁵+la⁵⁵	150	w ã ∼ ²¹ k a ⁵⁵ l a ⁵⁵	
Boluo_Tujia		yellow	1424	1424	xoʉ³³	151	x o ʉ ³³	
Tanxi_Tujia		yellow	1424	1424	ħʉ³³	151	ħ ʉ ³³	
